"DESCRIPTION","DURATION IN MS","NAME","PARENT SUITE","START TIME","STATUS","STOP TIME","SUB SUITE","SUITE","TEST CLASS","TEST METHOD"
"","12","test_filter_update_subscription_with_no_content_topic","tests.filter","2026-09-11","passed","2026-09-11","TestFilterSubscribeUpdate","test_subscribe_update","",""
"","222","test_filter_get_message_with_ephemeral","tests.filter","2026-09-11","passed","2026-09-11","TestFilterGetMessages","test_get_messages","",""
"","39162","test_repeated_filter_requestID","tests.e2e","2026-09-11","passed","2026-09-11","TestE2E","test_e2e","",""
"","208","test_get_store_messages_with_wrong_typo_content_topic","tests.store","2026-09-11","passed","2026-09-11","TestApiFlags","test_api_flags","",""
"","1243","test_time_filter_matches_multiple_messages","tests.store","2026-09-11","passed","2026-09-11","TestTimeFilter","test_time_filter","",""
"","2581","test_unsubscribe_from_non_subscribed_content_topics","tests.sharding","2026-09-11","passed","2026-09-11","TestRelayAutosharding","test_relay_auto_sharding","",""
"","2763","test_2_nodes_different_cluster_different_shard","tests.sharding","2026-09-11","passed","2026-09-11","TestRunningNodesStaticSharding","test_running_nodes_static_sharding","",""
"","25039","test_relay_4_nodes_sender_packet_loss","tests.e2e","2026-09-11","passed","2026-09-11","TestNetworkConditions","test_network_conditions","",""
"","5255","test_2_receiving_nodes__relay_node1_forwards_lightpushed_message_to_filter_node2","tests.light_push","2026-09-11","passed","2026-09-11","TestMultipleNodes","test_multiple_nodes","",""
"","4","test_light_push_with_missing_content_topic","tests.light_push","2026-09-11","passed","2026-09-11","TestLightPushPublish","test_publish","",""
"","7083","test_filter_get_message_after_one_peer_was_stopped","tests.filter","2026-09-11","passed","2026-09-11","TestFilterMultipleNodes","test_multiple_nodes","",""
"","4135","test_different_cursor_and_indexes[3-20]","tests.store","2026-09-11","passed","2026-09-11","TestCursor","test_cursor","",""
"","121","test_relay_subscribe_to_single_pubsub_topic","tests.relay","2026-09-11","passed","2026-09-11","TestRelaySubscribe","test_subscribe","",""
"","556","test_publish_on_multiple_pubsub_topics","tests.relay","2026-09-11","passed","2026-09-11","TestRelayPublish","test_publish","",""
"","376","test_filter_subscribe_to_pubsub_topics_from_multiple_clusters","tests.filter","2026-09-11","passed","2026-09-11","TestFilterSubscribeCreate","test_subscribe_create","",""
"","236","test_relay_unsubscribe_from_non_existing_pubsub_topic","tests.relay","2026-09-11","passed","2026-09-11","TestRelaySubscribe","test_subscribe","",""
"","23","test_filter_update_subscription_with_invalid_content_topic_format","tests.filter","2026-09-11","passed","2026-09-11","TestFilterSubscribeUpdate","test_subscribe_update","",""
"","931","test_light_push_after_light_push_node_restarts","tests.light_push","2026-09-11","passed","2026-09-11","TestLightPushPublish","test_publish","",""
"","1283","test_messages_with_timestamps_close_to_now","tests.store","2026-09-11","passed","2026-09-11","TestTimeFilter","test_time_filter","",""
"","3004","test_filter_get_message_after_node2_restarts","tests.filter","2026-09-11","passed","2026-09-11","TestFilterGetMessages","test_get_messages","",""
"","17","test_light_push_with_invalid_payloads","tests.light_push","2026-09-11","passed","2026-09-11","TestLightPushPublish","test_publish","",""
"","23","test_light_push_with_invalid_timestamps","tests.light_push","2026-09-11","passed","2026-09-11","TestLightPushPublish","test_publish","",""
"","4341","test_subscribe_one_by_one_to_different_content_topics_and_send_messages","tests.sharding","2026-09-11","passed","2026-09-11","TestRelayAutosharding","test_relay_auto_sharding","",""
"","4295","test_multiple_content_topics_and_multiple_pubsub_topics","tests.sharding","2026-09-11","passed","2026-09-11","TestRunningNodesAutosharding","test_running_nodes_auto_sharding","",""
"","247","test_filter_update_subscription_add_a_new_content_topic","tests.filter","2026-09-11","passed","2026-09-11","TestFilterSubscribeUpdate","test_subscribe_update","",""
"","2516","test_publish_without_subscribing_via_api_works","tests.sharding","2026-09-11","passed","2026-09-11","TestRelayAutosharding","test_relay_auto_sharding","",""
"","411652","test_get_multiple_2000_store_messages","tests.store","2026-09-11","passed","2026-09-11","TestCursorManyMessages","test_cursor_many_msgs","",""
"","1593","test_store_node_paused_and_unpaused","tests.store","2026-09-11","passed","2026-09-11","TestReliability","test_reliability","",""
"","2074","test_cursor_pointing_to_deleted_message","tests.store","2026-09-11","passed","2026-09-11","TestCursor","test_cursor","",""
"","37756","test_msg_stored_when_ephemeral_false","tests.e2e","2026-09-11","passed","2026-09-11","TestE2E","test_e2e","",""
"","0","test_light_push_and_retrieve_100_messages","tests.light_push","2026-09-11","skipped","2026-09-11","TestLightPushPublish","test_publish","",""
"","3202","test_log_level_ERROR_from_WARN","tests.rest_flags","2026-09-11","passed","2026-09-11","TestAdminFlags","test_admin_flags","",""
"","2028","test_publish_with_payload_less_than_150_kb","tests.relay","2026-09-11","passed","2026-09-11","TestRelayPublish","test_publish","",""
"","0","test_idle_filter_subscriptions_after_node_disconnection","tests.filter","2026-09-11","skipped","2026-09-11","TestIdleSubscriptions","test_idle_subscriptions","",""
"","3996","test_unsubscribe_from_some_pubsub_topics","tests.sharding","2026-09-11","passed","2026-09-11","TestRelayStaticSharding","test_relay_static_sharding","",""
"","16394","test_get_peers","tests.peer_connection_management","2026-09-11","passed","2026-09-11","TestPeerStore","test_peer_store","",""
"","0","test_sync_nodes_are_relay","tests.store_sync","2026-09-11","skipped","2026-09-11","TestStoreSync","test_store_sync","",""
"","225","test_publish_with_ephemeral","tests.relay","2026-09-11","passed","2026-09-11","TestRelayPublish","test_publish","",""
"","4491","test_filter_get_message_while_one_peer_is_paused","tests.filter","2026-09-11","passed","2026-09-11","TestFilterMultipleNodes","test_multiple_nodes","",""
"","3555","test_single_pubsub_topic[/waku/2/rs/5/999]","tests.sharding","2026-09-11","passed","2026-09-11","TestRunningNodesStaticSharding","test_running_nodes_static_sharding","",""
"","3401","test_multiple_content_topics_same_shard[content_topic_list1]","tests.sharding","2026-09-11","passed","2026-09-11","TestRunningNodesAutosharding","test_running_nodes_auto_sharding","",""
"","4","test_filter_subscribe_with_extra_field","tests.filter","2026-09-11","passed","2026-09-11","TestFilterSubscribeCreate","test_subscribe_create","",""
"","2496","test_admin_filter_subscriptions_shape","tests.rest_flags","2026-09-11","passed","2026-09-11","TestAdminFlags","test_admin_flags","",""
"","6400","test_auto_shard_relay","tests.sharding","2026-09-11","passed","2026-09-11","TestMultipleNodes","test_multiple_nodes","",""
"","2613","test_cant_retrieve_messages_on_not_subscribed_content_topic","tests.sharding","2026-09-11","passed","2026-09-11","TestRelayAutosharding","test_relay_auto_sharding","",""
"","2623","test_retrieve_messages_without_subscribing_via_api","tests.sharding","2026-09-11","passed","2026-09-11","TestRelayAutosharding","test_relay_auto_sharding","",""
"","12","test_filter_update_subscription_with_extra_field","tests.filter","2026-09-11","passed","2026-09-11","TestFilterSubscribeUpdate","test_subscribe_update","",""
"","3","test_publish_with_invalid_meta","tests.relay","2026-09-11","passed","2026-09-11","TestRelayPublish","test_publish","",""
"","3279","test_single_pubsub_topic[/waku/2/rs/999/999]","tests.sharding","2026-09-11","passed","2026-09-11","TestRunningNodesStaticSharding","test_running_nodes_static_sharding","",""
"","1","test_metadata_protocol_mounted_also_on_non_1_clusters","tests.logs","2026-09-11","passed","2026-09-11","TestLogs","test_logs","",""
"","119","test_filter_subscribe_to_pubsub_topic_from_another_cluster_id","tests.filter","2026-09-11","passed","2026-09-11","TestFilterSubscribeCreate","test_subscribe_create","",""
"","6","test_filter_unsubscribe_with_invalid_request_id","tests.filter","2026-09-11","passed","2026-09-11","TestFilterUnSubscribe","test_unsubscribe","",""
"","0","test_valid_payloads_random_epoch_at_slow_rate","tests.relay","2026-09-11","skipped","2026-09-11","TestRelayRLN","test_rln","",""
"","3486","test_unsubscribe_from_all_pubsub_topics","tests.sharding","2026-09-11","passed","2026-09-11","TestRelayStaticSharding","test_relay_static_sharding","",""
"","209","test_message_with_ephemeral_true","tests.store","2026-09-11","passed","2026-09-11","TestEphemeral","test_ephemeral","",""
"","4535","test_publish_with_valid_content_topics","tests.relay","2026-09-11","passed","2026-09-11","TestRelayPublish","test_publish","",""
"","3272","test_subscribe_via_api_to_new_content_topics[content_topic_list1]","tests.sharding","2026-09-11","passed","2026-09-11","TestRelayAutosharding","test_relay_auto_sharding","",""
"","1329","test_light_push_with_missing_pubsub_topics","tests.light_push","2026-09-11","passed","2026-09-11","TestLightPushPublish","test_publish","",""
"","63913","test_store_filter_interaction_with_six_nodes","tests.e2e","2026-09-11","passed","2026-09-11","TestE2E","test_e2e","",""
"","23480","test_relay_2_nodes_low_bandwidth_sending_over_time","tests.e2e","2026-09-11","passed","2026-09-11","TestNetworkConditions","test_network_conditions","",""
"","5558","test_metrics_after_relay_publish","tests.metrics","2026-09-11","passed","2026-09-11","TestMetrics","test_metrics","",""
"","43633","test_chain_of_relay_nodes","tests.e2e","2026-09-11","passed","2026-09-11","TestE2E","test_e2e","",""
"","2733","test_subscribe_and_publish_on_another_content_topic_from_same_shard","tests.sharding","2026-09-11","passed","2026-09-11","TestRelayAutosharding","test_relay_auto_sharding","",""
"","3812","test_all_nodes_subscribed_to_the_topic","tests.filter","2026-09-11","passed","2026-09-11","TestFilterMultipleNodes","test_multiple_nodes","",""
"","8","test_filter_get_message_with_extra_field","tests.filter","2026-09-11","passed","2026-09-11","TestFilterGetMessages","test_get_messages","",""
"","17","test_filter_ping_on_peer_without_subscription","tests.filter","2026-09-11","passed","2026-09-11","TestFilterPing","test_ping","",""
"","6885","test_sync_with_one_node_with_delayed_start","tests.store_sync","2026-09-11","passed","2026-09-11","TestStoreSync","test_store_sync","",""
"","6762","test_get_peers_after_node1_was_restarted","tests.peer_exchange","2026-09-11","passed","2026-09-11","TestPeerExchange","test_peer_exchange","",""
"","3310","test_subscribe_via_api_to_new_pubsub_topics","tests.sharding","2026-09-11","passed","2026-09-11","TestRelayStaticSharding","test_relay_static_sharding","",""
"","2653","test_publish_on_multiple_content_topics_and_only_after_fetch_them[content_topic_list0]","tests.sharding","2026-09-11","passed","2026-09-11","TestRelayAutosharding","test_relay_auto_sharding","",""
"","36883","test_store_node_not_connected_directly_to_lightpushing_node","tests.e2e","2026-09-11","passed","2026-09-11","TestE2E","test_e2e","",""
"","829","test_store_invalid_ascending","tests.store","2026-09-11","passed","2026-09-11","TestSorting","test_sorting","",""
"","240","test_light_push_with_payload_of_1_MB","tests.light_push","2026-09-11","passed","2026-09-11","TestLightPushPublish","test_publish","",""
"","0","test_get_peers_two_protocols","tests.peer_connection_management","2026-09-11","skipped","2026-09-11","TestPeerStore","test_peer_store","",""
"","3258","test_log_level_DEBUG_from_TRACE","tests.rest_flags","2026-09-11","passed","2026-09-11","TestAdminFlags","test_admin_flags","",""
"","1600","test_time_filter_big_timestamp","tests.store","2026-09-11","passed","2026-09-11","TestTimeFilter","test_time_filter","",""
"","6632","test_default_page_size","tests.store","2026-09-11","passed","2026-09-11","TestPageSize","test_page_size","",""
"","4584","test_unsubscribe_from_some_content_topics[content_topic_list1]","tests.sharding","2026-09-11","passed","2026-09-11","TestRelayAutosharding","test_relay_auto_sharding","",""
"","10","test_filter_unsubscribe_with_pubsub_topic_string_instead_of_list","tests.filter","2026-09-11","passed","2026-09-11","TestFilterUnSubscribe","test_unsubscribe","",""
"","16","test_light_push_on_non_subscribed_pubsub_topic","tests.light_push","2026-09-11","passed","2026-09-11","TestLightPushPublish","test_publish","",""
"","8586","test_sync_messages_received_via_lightpush","tests.store_sync","2026-09-11","passed","2026-09-11","TestStoreSync","test_store_sync","",""
"","2707","test_filter","tests.discv5","2026-09-11","passed","2026-09-11","TestDiscv5","test_discv5","",""
"","28","test_store_with_both_pubsub_topic_and_content_topic","tests.store","2026-09-11","passed","2026-09-11","TestTopics","test_topics","",""
"","419","test_different_page_size[1]","tests.store","2026-09-11","passed","2026-09-11","TestPageSize","test_page_size","",""
"","335247","test_latency_with_load_sender_side","tests.e2e","2026-09-11","passed","2026-09-11","TestNetworkConditions","test_network_conditions","",""
"","1117","test_store_with_non_hex_hash","tests.store","2026-09-11","passed","2026-09-11","TestHashes","test_hashes","",""
"","22744","test_relay_different_latency_between_two_nodes[5000]","tests.e2e","2026-09-11","passed","2026-09-11","TestNetworkConditions","test_network_conditions","",""
"","15364","test_large_message_payload_sync","tests.store_sync","2026-09-11","passed","2026-09-11","TestStoreSync","test_store_sync","",""
"","659","test_light_push_on_multiple_pubsub_topics","tests.light_push","2026-09-11","passed","2026-09-11","TestLightPushPublish","test_publish","",""
"","3890","test_unsubscribe_from_some_content_topics[content_topic_list0]","tests.sharding","2026-09-11","passed","2026-09-11","TestRelayAutosharding","test_relay_auto_sharding","",""
"","0","test_idle_filter_subscriptions_for_more_than_5_nodes","tests.filter","2026-09-11","skipped","2026-09-11","TestIdleSubscriptions","test_idle_subscriptions","",""
"","7927","test_multiple_lightpush_nodes","tests.light_push","2026-09-11","passed","2026-09-11","TestMultipleNodes","test_multiple_nodes","",""
"","2454","test_admin_service_peers_scalar_required_types","tests.rest_flags","2026-09-11","passed","2026-09-11","TestAdminFlags","test_admin_flags","",""
"","3400","test_multiple_content_topics_different_shard","tests.sharding","2026-09-11","passed","2026-09-11","TestRunningNodesAutosharding","test_running_nodes_auto_sharding","",""
"","2604","test_single_pubsub_topic[/waku/2/rs/5/1]","tests.sharding","2026-09-11","passed","2026-09-11","TestRunningNodesStaticSharding","test_running_nodes_static_sharding","",""
"","4961","test_combination_of_different_nodes","tests.light_push","2026-09-11","passed","2026-09-11","TestMultipleNodes","test_multiple_nodes","",""
"","4485","test_resubscribe_to_unsubscribed_pubsub_topics","tests.sharding","2026-09-11","passed","2026-09-11","TestRelayStaticSharding","test_relay_static_sharding","",""
"","3","test_store_with_wrong_url_content_topic","tests.store","2026-09-11","passed","2026-09-11","TestTopics","test_topics","",""
"","2602","test_relay","tests.discv5","2026-09-11","passed","2026-09-11","TestDiscv5","test_discv5","",""
"","10","test_filter_subscribe_with_no_request_id","tests.filter","2026-09-11","passed","2026-09-11","TestFilterSubscribeCreate","test_subscribe_create","",""
"","2579","test_sender_uses_auto_api_receiver_uses_regular_api","tests.sharding","2026-09-11","passed","2026-09-11","TestRunningNodesAutosharding","test_running_nodes_auto_sharding","",""
"","4101","test_admin_peers_mesh_on_shard_contains_node2","tests.rest_flags","2026-09-11","passed","2026-09-11","TestAdminFlags","test_admin_flags","",""
"","16","test_filter_subscribe_with_invalid_content_topic_format","tests.filter","2026-09-11","passed","2026-09-11","TestFilterSubscribeCreate","test_subscribe_create","",""
"","123024","test_store_sync_overlap_sync_window","tests.store_sync","2026-09-11","passed","2026-09-11","TestStoreSync","test_store_sync","",""
"","124","test_filter_unsubscribe_from_non_existing_content_topic","tests.filter","2026-09-11","passed","2026-09-11","TestFilterUnSubscribe","test_unsubscribe","",""
"","9923","test_sync_with_nodes_restart__case2","tests.store_sync","2026-09-11","passed","2026-09-11","TestStoreSync","test_store_sync","",""
"","2723","test_main_node_only_relay__peer_only_store","tests.store","2026-09-11","passed","2026-09-11","TestRunningNodes","test_running_nodes","",""
"","2670","test_node_uses_both_auto_and_regular_apis","tests.sharding","2026-09-11","passed","2026-09-11","TestRunningNodesAutosharding","test_running_nodes_auto_sharding","",""
"","4936","test_admin_connected_peers_contains_peers_only","tests.rest_flags","2026-09-11","passed","2026-09-11","TestAdminFlags","test_admin_flags","",""
"","0","test_valid_payloads_at_slow_rate","tests.relay","2026-09-11","skipped","2026-09-11","TestRelayRLN","test_rln","",""
"","211","test_store_with_wrong_url_pubsub_topic","tests.store","2026-09-11","passed","2026-09-11","TestTopics","test_topics","",""
"","225","test_filter_get_message_duplicate_message","tests.filter","2026-09-11","passed","2026-09-11","TestFilterGetMessages","test_get_messages","",""
"","122","test_light_push_with_no_timestamp","tests.light_push","2026-09-11","passed","2026-09-11","TestLightPushPublish","test_publish","",""
"","2072","test_store_sort_ascending[true]","tests.store","2026-09-11","passed","2026-09-11","TestSorting","test_sorting","",""
"","2526","test_single_content_topic[/app/29/sometopic/someencoding]","tests.sharding","2026-09-11","passed","2026-09-11","TestRunningNodesAutosharding","test_running_nodes_auto_sharding","",""
"","14589","test_relay_different_latency_between_two_nodes[1000]","tests.e2e","2026-09-11","passed","2026-09-11","TestNetworkConditions","test_network_conditions","",""
"","2635","test_lightpush_with_a_single_receiving_node","tests.light_push","2026-09-11","passed","2026-09-11","TestRunningNodes","test_running_nodes","",""
"","116","test_filter_get_message_with_meta","tests.filter","2026-09-11","passed","2026-09-11","TestFilterGetMessages","test_get_messages","",""
"","70715","test_store_sync_indirect_node","tests.store_sync","2026-09-11","passed","2026-09-11","TestStoreSync","test_store_sync","",""
"","3457","test_unsubscribe_from_all_content_topics","tests.sharding","2026-09-11","passed","2026-09-11","TestRelayAutosharding","test_relay_auto_sharding","",""
"","8","test_filter_subscribe_with_invalid_request_id","tests.filter","2026-09-11","passed","2026-09-11","TestFilterSubscribeCreate","test_subscribe_create","",""
"","454","test_relay_subscribe_with_multiple_overlapping_pubsub_topics","tests.relay","2026-09-11","passed","2026-09-11","TestRelaySubscribe","test_subscribe","",""
"","1733","test_filter_get_50_messages","tests.filter","2026-09-11","passed","2026-09-11","TestFilterGetMessages","test_get_messages","",""
"","2678","test_single_pubsub_topic[/waku/2/rs/5/0]","tests.sharding","2026-09-11","passed","2026-09-11","TestRunningNodesStaticSharding","test_running_nodes_static_sharding","",""
"","110","test_publish_with_valid_meta","tests.relay","2026-09-11","passed","2026-09-11","TestRelayPublish","test_publish","",""
"","8524","test_get_store_messages_with_different_payloads","tests.store","2026-09-11","passed","2026-09-11","TestGetMessages","test_get_messages","",""
"","10","test_filter_unsubscribe_with_no_pubsub_topic","tests.filter","2026-09-11","passed","2026-09-11","TestFilterUnSubscribe","test_unsubscribe","",""
"","222","test_on_empty_postgress_db","tests.store","2026-09-11","passed","2026-09-11","TestExternalDb","test_external_db","",""
"","2098","test_publish_after_node2_restarts","tests.relay","2026-09-11","passed","2026-09-11","TestRelayPublish","test_publish","",""
"","4105","test_different_cursor_and_indexes[19-20]","tests.store","2026-09-11","passed","2026-09-11","TestCursor","test_cursor","",""
"","10","test_filter_unsubscribe_with_no_content_topic","tests.filter","2026-09-11","passed","2026-09-11","TestFilterUnSubscribe","test_unsubscribe","",""
"","224","test_publish_and_retrieve_duplicate_message","tests.relay","2026-09-11","passed","2026-09-11","TestRelayPublish","test_publish","",""
"","2936","test_on_postgress_db_with_one_message","tests.store","2026-09-11","passed","2026-09-11","TestExternalDb","test_external_db","",""
"","598","test_filter_subscribe_to_multiple_pubsub_topic_from_same_cluster","tests.filter","2026-09-11","passed","2026-09-11","TestFilterSubscribeCreate","test_subscribe_create","",""
"","16","test_publish_with_invalid_timestamps","tests.relay","2026-09-11","passed","2026-09-11","TestRelayPublish","test_publish","",""
"","0","test_valid_payloads_lightpush_at_spam_rate","tests.relay","2026-09-11","skipped","2026-09-11","TestRelayRLN","test_rln","",""
"","4682","test_filter_auto_sharding_multiple_content_topics","tests.sharding","2026-09-11","passed","2026-09-11","TestFilterAutoSharding","test_filter","",""
"","4451","test_main_node_only_relay__peer_only_relay","tests.store","2026-09-11","passed","2026-09-11","TestRunningNodes","test_running_nodes","",""
"","219","test_optional_nodes_not_subscribed_to_same_pubsub_topic","tests.relay","2026-09-11","passed","2026-09-11","TestRelayMultipleNodes","test_multiple_nodes","",""
"","28302","test_relay_2_nodes_temporary_blackout_recovers_no_helpers","tests.e2e","2026-09-11","passed","2026-09-11","TestNetworkConditions","test_network_conditions","",""
"","3764","test_single_content_topic[/toychat/2/huilong/proto]","tests.sharding","2026-09-11","passed","2026-09-11","TestRunningNodesAutosharding","test_running_nodes_auto_sharding","",""
"","832","test_passing_invalid_cursor","tests.store","2026-09-11","passed","2026-09-11","TestCursor","test_cursor","",""
"","3197","test_log_level_NOTICE_from_INFO","tests.rest_flags","2026-09-11","passed","2026-09-11","TestAdminFlags","test_admin_flags","",""
"","5","test_store_with_unknown_pubsub_topic_but_known_content_topic","tests.store","2026-09-11","passed","2026-09-11","TestTopics","test_topics","",""
"","30","test_filter_ping_on_unsubscribed_peer","tests.filter","2026-09-11","passed","2026-09-11","TestFilterPing","test_ping","",""
"","831","test_passing_cursor_of_non_existing_message_from_the_store","tests.store","2026-09-11","passed","2026-09-11","TestCursor","test_cursor","",""
"","8248","test_different_page_size[39]","tests.store","2026-09-11","passed","2026-09-11","TestPageSize","test_page_size","",""
"","0","test_valid_payloads_at_spam_rate","tests.relay","2026-09-11","skipped","2026-09-11","TestRelayRLN","test_rln","",""
"","2611","test_single_content_topic[/app/22/sometopic/someencoding]","tests.sharding","2026-09-11","passed","2026-09-11","TestRunningNodesAutosharding","test_running_nodes_auto_sharding","",""
"","4698","test_check_sync_when_2_nodes_publish","tests.store_sync","2026-09-11","passed","2026-09-11","TestStoreSync","test_store_sync","",""
"","122","test_light_push_with_valid_meta","tests.light_push","2026-09-11","passed","2026-09-11","TestLightPushPublish","test_publish","",""
"","8256","test_store_with_multiple_hashes","tests.store","2026-09-11","passed","2026-09-11","TestHashes","test_hashes","",""
"","343","test_filter_resubscribe_to_unsubscribed_topics","tests.filter","2026-09-11","passed","2026-09-11","TestFilterUnSubscribe","test_unsubscribe","",""
"","17","test_light_push_with_invalid_version","tests.light_push","2026-09-11","passed","2026-09-11","TestLightPushPublish","test_publish","",""
"","132","test_relay_unsubscribe_from_single_pubsub_topic","tests.relay","2026-09-11","passed","2026-09-11","TestRelaySubscribe","test_subscribe","",""
"","132482","test_relay_packet_loss_sender_vs_receiver","tests.e2e","2026-09-11","passed","2026-09-11","TestNetworkConditions","test_network_conditions","",""
"","195","test_relay_get_message_while_one_peer_is_paused","tests.relay","2026-09-11","passed","2026-09-11","TestRelayMultipleNodes","test_multiple_nodes","",""
"","130","test_light_push_and_retrieve_duplicate_message","tests.light_push","2026-09-11","passed","2026-09-11","TestLightPushPublish","test_publish","",""
"","33835","test_relay_receiving_node_not_connected_directly_to_lightpushing_node","tests.e2e","2026-09-11","passed","2026-09-11","TestE2E","test_e2e","",""
"","2071","test_cursor_equal_to_first_message","tests.store","2026-09-11","passed","2026-09-11","TestCursor","test_cursor","",""
"","3505","test_relay_peers_on_shard_contains_connected_peer","tests.rest_flags","2026-09-11","passed","2026-09-11","TestAdminFlags","test_admin_flags","",""
"","2679","test_store_with_filter","tests.store","2026-09-11","passed","2026-09-11","TestRunningNodes","test_running_nodes","",""
"","824","test_store_with_non_hex_characters_in_hash","tests.store","2026-09-11","passed","2026-09-11","TestHashes","test_hashes","",""
"","5","test_store_with_multiple_content_topics","tests.store","2026-09-11","passed","2026-09-11","TestTopics","test_topics","",""
"","14","test_filter_update_subscription_add_101_new_content_topics","tests.filter","2026-09-11","passed","2026-09-11","TestFilterSubscribeUpdate","test_subscribe_update","",""
"","4266","test_filter_get_message_with_valid_payloads","tests.filter","2026-09-11","passed","2026-09-11","TestFilterGetMessages","test_get_messages","",""
"","5","test_store_is_empty","tests.store","2026-09-11","passed","2026-09-11","TestGetMessages","test_get_messages","",""
"","4410","test_multiple_pubsub_topics_same_cluster","tests.sharding","2026-09-11","passed","2026-09-11","TestRunningNodesStaticSharding","test_running_nodes_static_sharding","",""
"","10330","test_different_cursor_and_indexes[19-50]","tests.store","2026-09-11","passed","2026-09-11","TestCursor","test_cursor","",""
"","250","test_relay_resubscribe_to_unsubscribed_pubsub_topic","tests.relay","2026-09-11","passed","2026-09-11","TestRelaySubscribe","test_subscribe","",""
"","18","test_light_push_with_invalid_pubsub_topics","tests.light_push","2026-09-11","passed","2026-09-11","TestLightPushPublish","test_publish","",""
"","3242","test_log_level_WARN_from_NOTICE","tests.rest_flags","2026-09-11","passed","2026-09-11","TestAdminFlags","test_admin_flags","",""
"","6","test_store_with_unknown_pubsub_topic","tests.store","2026-09-11","passed","2026-09-11","TestTopics","test_topics","",""
"","3548","test_store_with_long_string_pubsub_topic","tests.store","2026-09-11","passed","2026-09-11","TestTopics","test_topics","",""
"","4558","test_content_topic_also_in_docker_flags[/toychat/2/huilong/proto]","tests.sharding","2026-09-11","passed","2026-09-11","TestRunningNodesStaticSharding","test_running_nodes_static_sharding","",""
"","1245","test_time_filter_zero_start_end_time","tests.store","2026-09-11","passed","2026-09-11","TestTimeFilter","test_time_filter","",""
"","3783","test_message_relayed_while_store_node_is_stopped_without_removing","tests.store","2026-09-11","passed","2026-09-11","TestReliability","test_reliability","",""
"","0","test_valid_payloads_random_user_message_limit","tests.relay","2026-09-11","skipped","2026-09-11","TestRelayRLN","test_rln","",""
"","7","test_light_push_with_with_large_meta","tests.light_push","2026-09-11","passed","2026-09-11","TestLightPushPublish","test_publish","",""
"","341","test_filter_update_subscription_add_a_new_pubsub_topic","tests.filter","2026-09-11","passed","2026-09-11","TestFilterSubscribeUpdate","test_subscribe_update","",""
"","32701","test_admin_connected_peers_scalar_types","tests.rest_flags","2026-09-11","passed","2026-09-11","TestAdminFlags","test_admin_flags","",""
"","11274","test_filter_subscribe_to_100_content_topics_in_one_call","tests.filter","2026-09-11","passed","2026-09-11","TestFilterSubscribeCreate","test_subscribe_create","",""
"","2551","test_content_topic_not_in_docker_flags","tests.sharding","2026-09-11","passed","2026-09-11","TestRunningNodesAutosharding","test_running_nodes_auto_sharding","",""
"","3487","test_unsubscribe_from_all_content_topics_one_by_one","tests.sharding","2026-09-11","passed","2026-09-11","TestRelayAutosharding","test_relay_auto_sharding","",""
"","4","test_light_push_with_extra_field","tests.light_push","2026-09-11","passed","2026-09-11","TestLightPushPublish","test_publish","",""
"","3258","test_log_level_FATAL_from_ERROR","tests.rest_flags","2026-09-11","passed","2026-09-11","TestAdminFlags","test_admin_flags","",""
"","10930","test_metrics_after_light_push","tests.metrics","2026-09-11","passed","2026-09-11","TestMetrics","test_metrics","",""
"","25541","test_sync_flags_no_relay_2nodes","tests.store_sync","2026-09-11","passed","2026-09-11","TestStoreSync","test_store_sync","",""
"","824","test_store_with_excessive_length_hash","tests.store","2026-09-11","passed","2026-09-11","TestHashes","test_hashes","",""
"","1245","test_time_filter_negative_start_time","tests.store","2026-09-11","passed","2026-09-11","TestTimeFilter","test_time_filter","",""
"","4","test_relay_subscribe_with_empty_pubsub_topic_list","tests.relay","2026-09-11","passed","2026-09-11","TestRelaySubscribe","test_subscribe","",""
"","38109","test_store_sync_range_with_jitter_catches_old_messages","tests.store_sync","2026-09-11","passed","2026-09-11","TestStoreSync","test_store_sync","",""
"","220","test_get_store_message_with_version","tests.store","2026-09-11","passed","2026-09-11","TestGetMessages","test_get_messages","",""
"","6692","test_multiple_receiving_nodes","tests.light_push","2026-09-11","passed","2026-09-11","TestMultipleNodes","test_multiple_nodes","",""
"","1160","test_light_push_after_receiving_node_restarts","tests.light_push","2026-09-11","passed","2026-09-11","TestLightPushPublish","test_publish","",""
"","1250","test_time_filter_start_time_equals_end_time","tests.store","2026-09-11","passed","2026-09-11","TestTimeFilter","test_time_filter","",""
"","1242","test_time_filter_end_time_now","tests.store","2026-09-11","passed","2026-09-11","TestTimeFilter","test_time_filter","",""
"","1700","test_message_relayed_before_store_node_is_started","tests.store","2026-09-11","passed","2026-09-11","TestReliability","test_reliability","",""
"","688","test_filter_unsubscribe_from_pubsub_topics","tests.filter","2026-09-11","passed","2026-09-11","TestFilterUnSubscribe","test_unsubscribe","",""
"","788","test_publish_with_valid_timestamps","tests.relay","2026-09-11","passed","2026-09-11","TestRelayPublish","test_publish","",""
"","401","test_light_push_after_node_pauses_and_pauses","tests.light_push","2026-09-11","passed","2026-09-11","TestLightPushPublish","test_publish","",""
"","5443","test_resubscribe_to_unsubscribed_content_topics","tests.sharding","2026-09-11","passed","2026-09-11","TestRelayAutosharding","test_relay_auto_sharding","",""
"","5","test_store_without_encoding_pubsubtopic","tests.store","2026-09-11","passed","2026-09-11","TestTopics","test_topics","",""
"","35913","test_store_node_not_connected_directly_to_relaying_node","tests.e2e","2026-09-11","passed","2026-09-11","TestE2E","test_e2e","",""
"","360","test_filter_get_message_after_node_pauses_and_pauses","tests.filter","2026-09-11","passed","2026-09-11","TestFilterGetMessages","test_get_messages","",""
"","3408","test_2_nodes_different_content_topic_different_shard","tests.sharding","2026-09-11","passed","2026-09-11","TestRunningNodesAutosharding","test_running_nodes_auto_sharding","",""
"","0","test_valid_payloads_with_optional_nodes_at_spam_rate","tests.relay","2026-09-11","skipped","2026-09-11","TestRelayRLN","test_rln","",""
"","9","test_filter_unsubscribe_from_101_content_topics","tests.filter","2026-09-11","passed","2026-09-11","TestFilterUnSubscribe","test_unsubscribe","",""
"","2849","test_pubsub_topic_not_in_docker_flags","tests.sharding","2026-09-11","passed","2026-09-11","TestRunningNodesStaticSharding","test_running_nodes_static_sharding","",""
"","1203","test_verify_node_info","tests.rest_flags","2026-09-11","passed","2026-09-11","TestDebugFlags","test_debug_flags","",""
"","216","test_store_with_peerAddr","tests.store","2026-09-11","passed","2026-09-11","TestApiFlags","test_api_flags","",""
"","35526","test_three_store_sync_exchange","tests.store_sync","2026-09-11","passed","2026-09-11","TestStoreSync","test_store_sync","",""
"","12796","test_static_shard_relay_10_nwaku_nodes","tests.sharding","2026-09-11","passed","2026-09-11","TestMultipleNodes","test_multiple_nodes","",""
"","8435","test_store_with_hashes","tests.store","2026-09-11","passed","2026-09-11","TestHashes","test_hashes","",""
"","2632","test_get_store_messages_with_different_pubsub_topics","tests.store","2026-09-11","passed","2026-09-11","TestGetMessages","test_get_messages","",""
"","125062","test_store_sync_high_jitter_stress","tests.store_sync","2026-09-11","passed","2026-09-11","TestStoreSync","test_store_sync","",""
"","13042","test_relay_different_latency_between_two_nodes[200]","tests.e2e","2026-09-11","passed","2026-09-11","TestNetworkConditions","test_network_conditions","",""
"","3415","test_multiple_content_topics_same_shard[content_topic_list0]","tests.sharding","2026-09-11","passed","2026-09-11","TestRunningNodesAutosharding","test_running_nodes_auto_sharding","",""
"","378","test_publish_after_node_pauses_and_pauses","tests.relay","2026-09-11","passed","2026-09-11","TestRelayPublish","test_publish","",""
"","102172","test_store_sync_long_chain","tests.store_sync","2026-09-11","passed","2026-09-11","TestStoreSync","test_store_sync","",""
"","114","test_filter_unsubscribe_from_non_existing_pubsub_topic","tests.filter","2026-09-11","passed","2026-09-11","TestFilterUnSubscribe","test_unsubscribe","",""
"","4966","test_admin_peers_stats_counts","tests.rest_flags","2026-09-11","passed","2026-09-11","TestAdminFlags","test_admin_flags","",""
"","3902","test_main_node_only_lightpush__peer_full","tests.light_push","2026-09-11","passed","2026-09-11","TestRunningNodes","test_running_nodes","",""
"","1051","test_invalid_pagination_cursor_param","tests.store","2026-09-11","passed","2026-09-11","TestCursor","test_cursor","",""
"","2076","test_cursor_near_end","tests.store","2026-09-11","passed","2026-09-11","TestCursor","test_cursor","",""
"","16380","test_add_peers","tests.peer_connection_management","2026-09-11","passed","2026-09-11","TestPeerStore","test_peer_store","",""
"","2419","test_publish_on_not_subscribed_content_topic_works","tests.sharding","2026-09-11","passed","2026-09-11","TestRelayAutosharding","test_relay_auto_sharding","",""
"","3838","test_lightpush","tests.discv5","2026-09-11","passed","2026-09-11","TestDiscv5","test_discv5","",""
"","843","test_store_with_invalid_hash","tests.store","2026-09-11","passed","2026-09-11","TestHashes","test_hashes","",""
"","0","test_main_node_only_lightpush__peer_only_lightpush","tests.light_push","2026-09-11","skipped","2026-09-11","TestRunningNodes","test_running_nodes","",""
"","10","test_filter_update_subscription_with_no_pubsub_topic","tests.filter","2026-09-11","passed","2026-09-11","TestFilterSubscribeUpdate","test_subscribe_update","",""
"","130","test_first_node_to_start_publishes","tests.relay","2026-09-11","passed","2026-09-11","TestRelayMultipleNodes","test_multiple_nodes","",""
"","142453","test_filter_many_subscribed_nodes","tests.e2e","2026-09-11","passed","2026-09-11","TestE2E","test_e2e","",""
"","864","test_light_push_with_valid_timestamps","tests.light_push","2026-09-11","passed","2026-09-11","TestLightPushPublish","test_publish","",""
"","3705","test_admin_service_peers_contains_expected_addrs_and_protocols","tests.rest_flags","2026-09-11","passed","2026-09-11","TestAdminFlags","test_admin_flags","",""
"","5","test_filter_update_subscription_with_pubsub_topic_list_instead_of_string","tests.filter","2026-09-11","passed","2026-09-11","TestFilterSubscribeUpdate","test_subscribe_update","",""
"","34988","test_relay_receiving_node_not_connected_directly_to_relaying_node","tests.e2e","2026-09-11","passed","2026-09-11","TestE2E","test_e2e","",""
"","3358","test_filter_update_subscription_add_30_new_content_topics","tests.filter","2026-09-11","passed","2026-09-11","TestFilterSubscribeUpdate","test_subscribe_update","",""
"","7","test_filter_subscribe_to_101_content_topics","tests.filter","2026-09-11","passed","2026-09-11","TestFilterSubscribeCreate","test_subscribe_create","",""
"","15601","test_relay_2_nodes_low_bandwidth_reliability","tests.e2e","2026-09-11","passed","2026-09-11","TestNetworkConditions","test_network_conditions","",""
"","16922","test_different_page_size[81]","tests.store","2026-09-11","passed","2026-09-11","TestPageSize","test_page_size","",""
"","2834","test_single_pubsub_topic[/waku/2/rs/199/0]","tests.sharding","2026-09-11","passed","2026-09-11","TestRunningNodesStaticSharding","test_running_nodes_static_sharding","",""
"","6272","test_sync_nodes_are_not_relay_and_have_storenode_set","tests.store_sync","2026-09-11","passed","2026-09-11","TestStoreSync","test_store_sync","",""
"","220","test_store_with_wrongPeerAddr","tests.store","2026-09-11","passed","2026-09-11","TestApiFlags","test_api_flags","",""
"","7102","test_admin_connected_peers_on_shard_contains_all_three","tests.rest_flags","2026-09-11","passed","2026-09-11","TestAdminFlags","test_admin_flags","",""
"","37040","test_admin_relay_peers_contains_all_relay_peers","tests.rest_flags","2026-09-11","passed","2026-09-11","TestAdminFlags","test_admin_flags","",""
"","141","test_filter_update_subscription_refresh_existing","tests.filter","2026-09-11","passed","2026-09-11","TestFilterSubscribeUpdate","test_subscribe_update","",""
"","2627","test_single_pubsub_topic[/waku/2/rs/199/1]","tests.sharding","2026-09-11","passed","2026-09-11","TestRunningNodesStaticSharding","test_running_nodes_static_sharding","",""
"","4032","test_single_content_topic[/statusim/1/community/cbor]","tests.sharding","2026-09-11","passed","2026-09-11","TestRunningNodesAutosharding","test_running_nodes_auto_sharding","",""
"","0","test_peer_store_content_after_node2_restarts","tests.peer_connection_management","2026-09-11","skipped","2026-09-11","TestPeerStore","test_peer_store","",""
"","2655","test_publish_on_multiple_content_topics_and_only_after_fetch_them[content_topic_list1]","tests.sharding","2026-09-11","passed","2026-09-11","TestRelayAutosharding","test_relay_auto_sharding","",""
"","80845","test_relay_packet_loss_applied_mid_way","tests.e2e","2026-09-11","passed","2026-09-11","TestNetworkConditions","test_network_conditions","",""
"","1114","test_filter_unsubscribe_all_from_multiple_pubsub_topics","tests.filter","2026-09-11","passed","2026-09-11","TestFilterUnSubscribeAll","test_unsubscribe_all","",""
"","2079","test_cursor_at_page_size_boundary","tests.store","2026-09-11","passed","2026-09-11","TestCursor","test_cursor","",""
"","3030","test_filter_get_message_after_node1_restarts","tests.filter","2026-09-11","passed","2026-09-11","TestFilterGetMessages","test_get_messages","",""
"","13514","test_relay_different_latency_between_two_nodes[500]","tests.e2e","2026-09-11","passed","2026-09-11","TestNetworkConditions","test_network_conditions","",""
"","2507","test_cant_publish_on_not_subscribed_shard","tests.sharding","2026-09-11","passed","2026-09-11","TestRelayStaticSharding","test_relay_static_sharding","",""
"","4724","test_get_peers_for_blank_node","tests.peer_exchange","2026-09-11","passed","2026-09-11","TestPeerExchange","test_peer_exchange","",""
"","3","test_filter_unsubscribe_with_content_topic_string_instead_of_list","tests.filter","2026-09-11","passed","2026-09-11","TestFilterUnSubscribe","test_unsubscribe","",""
"","27436","test_different_cursor_and_indexes[110-120]","tests.store","2026-09-11","passed","2026-09-11","TestCursor","test_cursor","",""
"","837","test_different_cursor_and_indexes[2-4]","tests.store","2026-09-11","passed","2026-09-11","TestCursor","test_cursor","",""
"","1083","test_store_with_empty_hashes","tests.store","2026-09-11","passed","2026-09-11","TestHashes","test_hashes","",""
"","2512","test_unsubscribe_from_non_subscribed_pubsub_topics","tests.sharding","2026-09-11","passed","2026-09-11","TestRelayStaticSharding","test_relay_static_sharding","",""
"","2492","test_admin_set_all_log_levels","tests.rest_flags","2026-09-11","passed","2026-09-11","TestAdminFlags","test_admin_flags","",""
"","0","test_valid_payload_at_variable_rate","tests.relay","2026-09-11","skipped","2026-09-11","TestRelayRLN","test_rln","",""
"","840","test_message_with_both_ephemeral_true_and_false","tests.store","2026-09-11","passed","2026-09-11","TestEphemeral","test_ephemeral","",""
"","2726","test_main_node_relay_and_store__peer_only_relay","tests.store","2026-09-11","passed","2026-09-11","TestRunningNodes","test_running_nodes","",""
"","83111","test_store_sync_small_sync_range","tests.store_sync","2026-09-11","passed","2026-09-11","TestStoreSync","test_store_sync","",""
"","0","test_valid_payloads_n1_with_rln_n2_without_rln_at_spam_rate","tests.relay","2026-09-11","skipped","2026-09-11","TestRelayRLN","test_rln","",""
"","244","test_filter_subscribe_refresh","tests.filter","2026-09-11","passed","2026-09-11","TestFilterSubscribeCreate","test_subscribe_create","",""
"","1132","test_filter_unsubscribe_all_from_few_content_topics","tests.filter","2026-09-11","passed","2026-09-11","TestFilterUnSubscribeAll","test_unsubscribe_all","",""
"","1250","test_time_filter_negative_end_time","tests.store","2026-09-11","passed","2026-09-11","TestTimeFilter","test_time_filter","",""
"","185","test_light_push_with_payload_less_than_150_kb","tests.light_push","2026-09-11","passed","2026-09-11","TestLightPushPublish","test_publish","",""
"","2665","test_2_nodes_different_cluster_same_shard","tests.sharding","2026-09-11","passed","2026-09-11","TestRunningNodesStaticSharding","test_running_nodes_static_sharding","",""
"","703","test_publishing_node_is_stopped","tests.store","2026-09-11","passed","2026-09-11","TestReliability","test_reliability","",""
"","0","test_verify_node_version2","tests.rest_flags","2026-09-11","skipped","2026-09-11","TestDebugFlags","test_debug_flags","",""
"","537","test_get_store_duplicate_messages","tests.store","2026-09-11","passed","2026-09-11","TestGetMessages","test_get_messages","",""
"","3","test_filter_subscribe_with_no_pubsub_topic","tests.filter","2026-09-11","passed","2026-09-11","TestFilterSubscribeCreate","test_subscribe_create","",""
"","1247","test_time_filter_start_time_after_end_time","tests.store","2026-09-11","passed","2026-09-11","TestTimeFilter","test_time_filter","",""
"","53160","test_relay_4_nodes_sender_packet_loss_delivery_ratio_simple[loss40]","tests.e2e","2026-09-11","skipped","2026-09-11","TestNetworkConditions","test_network_conditions","",""
"","3285","test_subscribe_via_api_to_new_content_topics[content_topic_list0]","tests.sharding","2026-09-11","passed","2026-09-11","TestRelayAutosharding","test_relay_auto_sharding","",""
"","29","test_publish_while_peer_is_paused","tests.relay","2026-09-11","passed","2026-09-11","TestRelayPublish","test_publish","",""
"","8261","test_get_multiple_store_messages","tests.store","2026-09-11","passed","2026-09-11","TestGetMessages","test_get_messages","",""
"","37032","test_msg_not_stored_when_ephemeral_true","tests.e2e","2026-09-11","passed","2026-09-11","TestE2E","test_e2e","",""
"","967","test_invalid_hash_param","tests.store","2026-09-11","passed","2026-09-11","TestHashes","test_hashes","",""
"","6187","test_metrics_initial_value","tests.metrics","2026-09-11","skipped","2026-09-11","TestMetrics","test_metrics","",""
"","3","test_publish_on_non_subscribed_pubsub_topic","tests.relay","2026-09-11","passed","2026-09-11","TestRelayPublish","test_publish","",""
"","246","test_filter_unsubscribe_from_all_subscribed_content_topics","tests.filter","2026-09-11","passed","2026-09-11","TestFilterUnSubscribe","test_unsubscribe","",""
"","2708","test_subscribe_and_publish_on_another_shard","tests.sharding","2026-09-11","passed","2026-09-11","TestRelayStaticSharding","test_relay_static_sharding","",""
"","1700","test_get_store_messages_with_different_content_topics","tests.store","2026-09-11","passed","2026-09-11","TestGetMessages","test_get_messages","",""
"","3538","test_filter_subscribe_to_29_content_topics_in_separate_calls","tests.filter","2026-09-11","passed","2026-09-11","TestFilterSubscribeCreate","test_subscribe_create","",""
"","2626","test_single_content_topic[/app/20/sometopic/someencoding]","tests.sharding","2026-09-11","passed","2026-09-11","TestRunningNodesAutosharding","test_running_nodes_auto_sharding","",""
"","1227","test_get_debug_version_is_string","tests.rest_flags","2026-09-11","passed","2026-09-11","TestDebugFlags","test_debug_flags","",""
"","132","test_filter_subscribe_to_single_topics","tests.filter","2026-09-11","passed","2026-09-11","TestFilterSubscribeCreate","test_subscribe_create","",""
"","70562","test_sync_flags_node2_start_later","tests.store_sync","2026-09-11","passed","2026-09-11","TestStoreSync","test_store_sync","",""
"","41286","test_max_page_size","tests.store","2026-09-11","passed","2026-09-11","TestPageSize","test_page_size","",""
"","34976","test_high_message_volume_sync","tests.store_sync","2026-09-11","passed","2026-09-11","TestStoreSync","test_store_sync","",""
"","4","test_store_with_empty_pubsub_topics","tests.store","2026-09-11","passed","2026-09-11","TestTopics","test_topics","",""
"","3961","test_store_lightpushed_message","tests.store","2026-09-11","passed","2026-09-11","TestRunningNodes","test_running_nodes","",""
"","11","test_filter_unsubscribe_with_no_request_id","tests.filter","2026-09-11","passed","2026-09-11","TestFilterUnSubscribe","test_unsubscribe","",""
"","30867","test_extreme_number_page_size","tests.store","2026-09-11","passed","2026-09-11","TestPageSize","test_page_size","",""
"","2692","test_sender_uses_regular_api_receiver_uses_auto_api","tests.sharding","2026-09-11","passed","2026-09-11","TestRunningNodesAutosharding","test_running_nodes_auto_sharding","",""
"","2064","test_store_sort_ascending[false]","tests.store","2026-09-11","passed","2026-09-11","TestSorting","test_sorting","",""
"","1275","test_publishing_node_restarts","tests.store","2026-09-11","passed","2026-09-11","TestReliability","test_reliability","",""
"","382","test_publish_with_payload_equal_or_more_150_kb","tests.relay","2026-09-11","passed","2026-09-11","TestRelayPublish","test_publish","",""
"","93621","test_filter_3_senders_multiple_msg_1_receiver","tests.e2e","2026-09-11","passed","2026-09-11","TestE2E","test_e2e","",""
"","5","test_filter_unsubscribe_all_with_extra_field","tests.filter","2026-09-11","passed","2026-09-11","TestFilterUnSubscribeAll","test_unsubscribe_all","",""
"","3668","test_unsubscribe_from_all_pubsub_topics_one_by_one","tests.sharding","2026-09-11","passed","2026-09-11","TestRelayStaticSharding","test_relay_static_sharding","",""
"","193366","test_filter_20_senders_1_receiver","tests.e2e","2026-09-11","passed","2026-09-11","TestE2E","test_e2e","",""
"","2073","test_empty_cursor","tests.store","2026-09-11","passed","2026-09-11","TestCursor","test_cursor","",""
"","2852","test_single_content_topic[/myapp/1/latest/proto]","tests.sharding","2026-09-11","passed","2026-09-11","TestRunningNodesAutosharding","test_running_nodes_auto_sharding","",""
"","74861","test_relay_7_nodes_3sec_latency","tests.e2e","2026-09-11","passed","2026-09-11","TestNetworkConditions","test_network_conditions","",""
"","2466","test_admin_peer_by_id","tests.rest_flags","2026-09-11","passed","2026-09-11","TestAdminFlags","test_admin_flags","",""
"","2638","test_subscribe_and_publish_on_another_content_topic_from_another_shard","tests.sharding","2026-09-11","passed","2026-09-11","TestRelayAutosharding","test_relay_auto_sharding","",""
"","2","test_filter_unsubscribe_with_extra_field","tests.filter","2026-09-11","passed","2026-09-11","TestFilterUnSubscribe","test_unsubscribe","",""
"","7","test_store_without_pubsub_topic_and_content_topic","tests.store","2026-09-11","passed","2026-09-11","TestTopics","test_topics","",""
"","96067","test_relay_4_nodes_two_publishers_compare_latency","tests.e2e","2026-09-11","passed","2026-09-11","TestNetworkConditions","test_network_conditions","",""
"","2603","test_single_content_topic[/waku/2/content/test.js]","tests.sharding","2026-09-11","passed","2026-09-11","TestRunningNodesAutosharding","test_running_nodes_auto_sharding","",""
"","11521","test_auto_shard_relay_10_nwaku_nodes","tests.sharding","2026-09-11","passed","2026-09-11","TestMultipleNodes","test_multiple_nodes","",""
"","20627","test_different_page_size[99]","tests.store","2026-09-11","passed","2026-09-11","TestPageSize","test_page_size","",""
"","24755","test_light_push_with_valid_content_topics","tests.light_push","2026-09-11","passed","2026-09-11","TestLightPushPublish","test_publish","",""
"","1185","test_store_node_restarts","tests.store","2026-09-11","passed","2026-09-11","TestReliability","test_reliability","",""
"","8382","test_store_include_data","tests.store","2026-09-11","passed","2026-09-11","TestApiFlags","test_api_flags","",""
"","0","test_valid_payloads_dynamic_at_spam_rate","tests.relay","2026-09-11","skipped","2026-09-11","TestRelayRLN","test_rln","",""
"","27554","test_relay_different_latency_between_two_nodes[7000]","tests.e2e","2026-09-11","passed","2026-09-11","TestNetworkConditions","test_network_conditions","",""
"","5088","test_optional_nodes_not_subscribed_to_same_topic","tests.filter","2026-09-11","passed","2026-09-11","TestFilterMultipleNodes","test_multiple_nodes","",""
"","901","test_store_with_wrong_hash","tests.store","2026-09-11","passed","2026-09-11","TestHashes","test_hashes","",""
"","2614","test_2_nodes_different_content_topic_same_shard","tests.sharding","2026-09-11","passed","2026-09-11","TestRunningNodesAutosharding","test_running_nodes_auto_sharding","",""
"","3419","test_admin_relay_peers_schema","tests.rest_flags","2026-09-11","passed","2026-09-11","TestAdminFlags","test_admin_flags","",""
"","219","test_filter_unsubscribe_with_very_large_request_id","tests.filter","2026-09-11","passed","2026-09-11","TestFilterUnSubscribe","test_unsubscribe","",""
"","455","test_message_relayed_while_store_node_is_paused","tests.store","2026-09-11","passed","2026-09-11","TestReliability","test_reliability","",""
"","1242","test_time_filter_zero_start_time","tests.store","2026-09-11","passed","2026-09-11","TestTimeFilter","test_time_filter","",""
"","110","test_filter_get_message_with_version","tests.filter","2026-09-11","passed","2026-09-11","TestFilterGetMessages","test_get_messages","",""
"","8","test_store_with_not_valid_content_topic","tests.store","2026-09-11","passed","2026-09-11","TestTopics","test_topics","",""
"","3","test_publish_with_invalid_version","tests.relay","2026-09-11","passed","2026-09-11","TestRelayPublish","test_publish","",""
"","2720","test_main_node_relay_and_store__peer_only_store","tests.store","2026-09-11","passed","2026-09-11","TestRunningNodes","test_running_nodes","",""
"","86217","test_relay_packet_loss_correlated_vs_uncorrelated","tests.e2e","2026-09-11","passed","2026-09-11","TestNetworkConditions","test_network_conditions","",""
"","113","test_publish_with_valid_version","tests.relay","2026-09-11","passed","2026-09-11","TestRelayPublish","test_publish","",""
"","4050","test_store","tests.discv5","2026-09-11","passed","2026-09-11","TestDiscv5","test_discv5","",""
"","2481","test_different_page_size[11]","tests.store","2026-09-11","passed","2026-09-11","TestPageSize","test_page_size","",""
"","3","test_publish_with_missing_payload","tests.relay","2026-09-11","passed","2026-09-11","TestRelayPublish","test_publish","",""
"","0","test_2_lightpush_nodes_and_2_receiving_nodes","tests.light_push","2026-09-11","skipped","2026-09-11","TestMultipleNodes","test_multiple_nodes","",""
"","3120","test_retrieve_messages_without_subscribing_via_api","tests.sharding","2026-09-11","passed","2026-09-11","TestRelayStaticSharding","test_relay_static_sharding","",""
"","10","test_filter_update_subscription_with_no_request_id","tests.filter","2026-09-11","passed","2026-09-11","TestFilterSubscribeUpdate","test_subscribe_update","",""
"","834","test_passing_non_base64_cursor","tests.store","2026-09-11","passed","2026-09-11","TestCursor","test_cursor","",""
"","8","test_filter_ping_without_request_id","tests.filter","2026-09-11","passed","2026-09-11","TestFilterPing","test_ping","",""
"","4666","test_log_level_INFO_from_DEBUG","tests.rest_flags","2026-09-11","passed","2026-09-11","TestAdminFlags","test_admin_flags","",""
"","239","test_relay_subscribe_to_already_existing_pubsub_topic","tests.relay","2026-09-11","passed","2026-09-11","TestRelaySubscribe","test_subscribe","",""
"","3","test_publish_with_extra_field","tests.relay","2026-09-11","passed","2026-09-11","TestRelayPublish","test_publish","",""
"","3843","test_filter_works_with_auto_sharding","tests.sharding","2026-09-11","passed","2026-09-11","TestFilterAutoSharding","test_filter","",""
"","245","test_light_push_with_ephemeral","tests.light_push","2026-09-11","passed","2026-09-11","TestLightPushPublish","test_publish","",""
"","214","test_message_with_ephemeral_false","tests.store","2026-09-11","passed","2026-09-11","TestEphemeral","test_ephemeral","",""
"","11","test_light_push_with_invalid_content_topics","tests.light_push","2026-09-11","passed","2026-09-11","TestLightPushPublish","test_publish","",""
"","6199","test_page_size_0_defaults_to_20","tests.store","2026-09-11","passed","2026-09-11","TestPageSize","test_page_size","",""
"","28328","test_node_without_sync_or_relay_stays_empty","tests.store_sync","2026-09-11","passed","2026-09-11","TestStoreSync","test_store_sync","",""
"","124","test_last_node_to_start_publishes","tests.relay","2026-09-11","passed","2026-09-11","TestRelayMultipleNodes","test_multiple_nodes","",""
"","102980","test_store_sync_after_partition_under_100_msgs","tests.store_sync","2026-09-11","passed","2026-09-11","TestStoreSync","test_store_sync","",""
"","3","test_light_push_with_invalid_meta","tests.light_push","2026-09-11","passed","2026-09-11","TestLightPushPublish","test_publish","",""
"","3","test_relay_no_subscription","tests.relay","2026-09-11","passed","2026-09-11","TestRelaySubscribe","test_subscribe","",""
"","37610","test_store_no_peer_selected","tests.e2e","2026-09-11","passed","2026-09-11","TestE2E","test_e2e","",""
"","2064","test_negative_number_page_size","tests.store","2026-09-11","passed","2026-09-11","TestPageSize","test_page_size","",""
"","5367","test_main_node_full__peer_full","tests.light_push","2026-09-11","passed","2026-09-11","TestRunningNodes","test_running_nodes","",""
"","2565","test_publish_on_multiple_pubsub_topics_and_only_after_fetch_them","tests.sharding","2026-09-11","passed","2026-09-11","TestRelayStaticSharding","test_relay_static_sharding","",""
"","479","test_filter_subscribe_with_multiple_overlapping_content_topics","tests.filter","2026-09-11","passed","2026-09-11","TestFilterSubscribeCreate","test_subscribe_create","",""
"","50779","test_relay_2_nodes_bandwidth_low_vs_high_drain_time","tests.e2e","2026-09-11","passed","2026-09-11","TestNetworkConditions","test_network_conditions","",""
"","6163","test_get_peers_for_filter_node","tests.peer_exchange","2026-09-11","passed","2026-09-11","TestPeerExchange","test_peer_exchange","",""
"","576","test_relay_unsubscribe_from_all_pubsub_topics","tests.relay","2026-09-11","passed","2026-09-11","TestRelaySubscribe","test_subscribe","",""
"","0","test_use_persistent_storage_survive_restart","tests.peer_connection_management","2026-09-11","skipped","2026-09-11","TestPeerStore","test_peer_store","",""
"","1254","test_time_filter_matches_no_message","tests.store","2026-09-11","passed","2026-09-11","TestTimeFilter","test_time_filter","",""
"","147","test_message_light_pushed_on_different_pubsub_topic_is_not_retrieved","tests.light_push","2026-09-11","passed","2026-09-11","TestLightPushPublish","test_publish","",""
"","1242","test_time_filter_matches_one_message","tests.store","2026-09-11","passed","2026-09-11","TestTimeFilter","test_time_filter","",""
"","36564","test_multiple_edge_service_nodes_communication","tests.e2e","2026-09-11","passed","2026-09-11","TestE2E","test_e2e","",""
"","7842","test_sync_with_nodes_restart__case1","tests.store_sync","2026-09-11","passed","2026-09-11","TestStoreSync","test_store_sync","",""
"","3041","test_filter_works_with_static_sharding","tests.sharding","2026-09-11","passed","2026-09-11","TestFilterStaticSharding","test_filter","",""
"","6344","test_static_shard_relay","tests.sharding","2026-09-11","passed","2026-09-11","TestMultipleNodes","test_multiple_nodes","",""
"","5599","test_light_push_while_peer_is_paused","tests.light_push","2026-09-11","passed","2026-09-11","TestLightPushPublish","test_publish","",""
"","5264","test_metrics_after_store_get","tests.metrics","2026-09-11","passed","2026-09-11","TestMetrics","test_metrics","",""
"","4510","test_publish_with_valid_payloads","tests.relay","2026-09-11","passed","2026-09-11","TestRelayPublish","test_publish","",""
"","34928","test_filter_node_not_connected_directly_to_lightpushing_node","tests.e2e","2026-09-11","passed","2026-09-11","TestE2E","test_e2e","",""
"","832","test_store_with_empty_and_valid_hash","tests.store","2026-09-11","passed","2026-09-11","TestHashes","test_hashes","",""
"","8","test_filter_update_subscription_with_invalid_request_id","tests.filter","2026-09-11","passed","2026-09-11","TestFilterSubscribeUpdate","test_subscribe_update","",""
"","41","test_light_push_with_payload_of_150_kb","tests.light_push","2026-09-11","passed","2026-09-11","TestLightPushPublish","test_publish","",""
"","0","test_valid_payloads_dynamic_at_slow_rate","tests.relay","2026-09-11","skipped","2026-09-11","TestRelayRLN","test_rln","",""
"","2910","test_invalid_page_size","tests.store","2026-09-11","passed","2026-09-11","TestPageSize","test_page_size","",""
"","2601","test_content_topic_also_in_docker_flags[/aaaaa/3/bbbbb/proto]","tests.sharding","2026-09-11","passed","2026-09-11","TestRunningNodesStaticSharding","test_running_nodes_static_sharding","",""
"","12","test_publish_with_invalid_content_topics","tests.relay","2026-09-11","passed","2026-09-11","TestRelayPublish","test_publish","",""
"","2057","test_passing_cursor_of_the_last_message_from_the_store","tests.store","2026-09-11","passed","2026-09-11","TestCursor","test_cursor","",""
"","2","test_publish_with_missing_content_topic","tests.relay","2026-09-11","passed","2026-09-11","TestRelayPublish","test_publish","",""
"","13","test_relay_unsubscribe_with_invalid_pubsub_topic_format","tests.relay","2026-09-11","passed","2026-09-11","TestRelaySubscribe","test_subscribe","",""
"","3440","test_admin_service_peers_schema","tests.rest_flags","2026-09-11","passed","2026-09-11","TestAdminFlags","test_admin_flags","",""
"","9","test_filter_subscribe_with_no_content_topic","tests.filter","2026-09-11","passed","2026-09-11","TestFilterSubscribeCreate","test_subscribe_create","",""
"","3176","test_lightpush_node_with_relay_works_correctly","tests.light_push","2026-09-11","passed","2026-09-11","TestRunningNodes","test_running_nodes","",""
"","6631","test_publish_after_node1_restarts","tests.relay","2026-09-11","passed","2026-09-11","TestRelayPublish","test_publish","",""
"","5","test_store_with_unknown_content_topic","tests.store","2026-09-11","passed","2026-09-11","TestTopics","test_topics","",""
"","7879","test_sync_flags","tests.store_sync","2026-09-11","passed","2026-09-11","TestStoreSync","test_store_sync","",""
"","7","test_filter_ping_on_subscribed_peer","tests.filter","2026-09-11","passed","2026-09-11","TestFilterPing","test_ping","",""
"","3198","test_message_relayed_while_store_node_is_stopped_and_removed","tests.store","2026-09-11","passed","2026-09-11","TestReliability","test_reliability","",""
"","351","test_filter_unsubscribe_from_some_of_the_subscribed_content_topics","tests.filter","2026-09-11","passed","2026-09-11","TestFilterUnSubscribe","test_unsubscribe","",""
"","3355","test_subscribe_one_by_one_to_different_pubsub_topics_and_send_messages","tests.sharding","2026-09-11","passed","2026-09-11","TestRelayStaticSharding","test_relay_static_sharding","",""
"","147895","test_continuous_store_sync","tests.store_sync","2026-09-11","passed","2026-09-11","TestStoreSync","test_store_sync","",""
"","24952","test_light_push_with_valid_payloads","tests.light_push","2026-09-11","passed","2026-09-11","TestLightPushPublish","test_publish","",""
"","2659","test_main_node_relay_and_store__peer_neither_relay_nor_store","tests.store","2026-09-11","passed","2026-09-11","TestRunningNodes","test_running_nodes","",""
"","123","test_light_push_with_valid_version","tests.light_push","2026-09-11","passed","2026-09-11","TestLightPushPublish","test_publish","",""
"","3942","test_ping_only_some_nodes_have_subscriptions","tests.filter","2026-09-11","passed","2026-09-11","TestFilterMultipleNodes","test_multiple_nodes","",""
"","420","test_messages_with_timestamps_far_from_now","tests.store","2026-09-11","passed","2026-09-11","TestTimeFilter","test_time_filter","",""
"","3481","test_relay_peers_on_shard_schema","tests.rest_flags","2026-09-11","passed","2026-09-11","TestAdminFlags","test_admin_flags","",""
"","30","test_store_with_one_content_topic","tests.store","2026-09-11","passed","2026-09-11","TestTopics","test_topics","",""
"","2578","test_single_pubsub_topic[/waku/2/rs/8/0]","tests.sharding","2026-09-11","passed","2026-09-11","TestRunningNodesStaticSharding","test_running_nodes_static_sharding","",""
"","59757","test_relay_4_nodes_sender_packet_loss_50_15sec_timeout","tests.e2e","2026-09-11","skipped","2026-09-11","TestNetworkConditions","test_network_conditions","",""
"","45208","test_relay_4_nodes_sender_packet_loss_delivery_ratio_simple[loss60]","tests.e2e","2026-09-11","skipped","2026-09-11","TestNetworkConditions","test_network_conditions","",""
"","109","test_publish_with_no_timestamp","tests.relay","2026-09-11","passed","2026-09-11","TestRelayPublish","test_publish","",""
"","0","test_valid_payloads_with_optional_nodes_at_slow_rate","tests.relay","2026-09-11","skipped","2026-09-11","TestRelayRLN","test_rln","",""
"","208","test_store_not_include_data","tests.store","2026-09-11","passed","2026-09-11","TestApiFlags","test_api_flags","",""
"","2735","test_main_node_only_relay__peer_relay_and_store","tests.store","2026-09-11","passed","2026-09-11","TestRunningNodes","test_running_nodes","",""
"","5","test_filter_subscribe_with_invalid_pubsub_topic_format","tests.filter","2026-09-11","passed","2026-09-11","TestFilterSubscribeCreate","test_subscribe_create","",""
"","212","test_get_store_message_with_meta","tests.store","2026-09-11","passed","2026-09-11","TestGetMessages","test_get_messages","",""
"","3334","test_filter_static_sharding_multiple_shards","tests.sharding","2026-09-11","passed","2026-09-11","TestFilterStaticSharding","test_filter","",""
"","34909","test_filter_node_not_connected_directly_to_relaying_node","tests.e2e","2026-09-11","passed","2026-09-11","TestE2E","test_e2e","",""
"","1246","test_time_filter_zero_end_time","tests.store","2026-09-11","passed","2026-09-11","TestTimeFilter","test_time_filter","",""
"","22732","test_relay_with_latency_between_two_nodes","tests.e2e","2026-09-11","passed","2026-09-11","TestNetworkConditions","test_network_conditions","",""
"","51232","test_relay_4_nodes_sender_latency","tests.e2e","2026-09-11","passed","2026-09-11","TestNetworkConditions","test_network_conditions","",""
"","729","test_filter_unsubscribe_all_from_90_content_topics","tests.filter","2026-09-11","passed","2026-09-11","TestFilterUnSubscribeAll","test_unsubscribe_all","",""
"","3896","test_2_receiving_nodes__relay_node1_forwards_lightpushed_message_to_relay_node2","tests.light_push","2026-09-11","passed","2026-09-11","TestMultipleNodes","test_multiple_nodes","",""
"","4","test_filter_unsubscribe_all_with_invalid_request_id","tests.filter","2026-09-11","passed","2026-09-11","TestFilterUnSubscribeAll","test_unsubscribe_all","",""
"","770","test_filter_get_message_with_valid_timestamps","tests.filter","2026-09-11","passed","2026-09-11","TestFilterGetMessages","test_get_messages","",""
"","2442","test_admin_peers_stats_schema","tests.rest_flags","2026-09-11","passed","2026-09-11","TestAdminFlags","test_admin_flags","",""
"","8262","test_different_cursor_and_indexes[10-40]","tests.store","2026-09-11","passed","2026-09-11","TestCursor","test_cursor","",""
"","120","test_message_published_on_different_pubsub_topic_is_not_retrieved","tests.relay","2026-09-11","passed","2026-09-11","TestRelayPublish","test_publish","",""
"","15","test_publish_with_invalid_payloads","tests.relay","2026-09-11","passed","2026-09-11","TestRelayPublish","test_publish","",""
"","50147","test_store_sync_five_node_mesh_burst","tests.store_sync","2026-09-11","passed","2026-09-11","TestStoreSync","test_store_sync","",""
"","832","test_store_with_duplicate_hashes","tests.store","2026-09-11","passed","2026-09-11","TestHashes","test_hashes","",""
"","820","test_relay_unsubscribe_from_some_pubsub_topics","tests.relay","2026-09-11","passed","2026-09-11","TestRelaySubscribe","test_subscribe","",""
"","3540","test_main_node_relay_lightpush__peer_only_relay","tests.light_push","2026-09-11","passed","2026-09-11","TestRunningNodes","test_running_nodes","",""
"","6","test_light_push_with_missing_payload","tests.light_push","2026-09-11","passed","2026-09-11","TestLightPushPublish","test_publish","",""
"","1457","test_publishing_node_paused_and_unpaused","tests.store","2026-09-11","passed","2026-09-11","TestReliability","test_reliability","",""
"","2643","test_content_topic_and_pubsub_topic_not_in_docker_flags","tests.sharding","2026-09-11","passed","2026-09-11","TestRunningNodesAutosharding","test_running_nodes_auto_sharding","",""
"","2060","test_passing_cursor_not_returned_in_paginationCursor","tests.store","2026-09-11","passed","2026-09-11","TestCursor","test_cursor","",""
"","14","test_relay_subscribe_with_invalid_pubsub_topic_format","tests.relay","2026-09-11","passed","2026-09-11","TestRelaySubscribe","test_subscribe","",""
"","6147","test_sync_nodes_have_store_true","tests.store_sync","2026-09-11","passed","2026-09-11","TestStoreSync","test_store_sync","",""
"","647366","test_query_after_long_time","tests.store_sync","2026-09-11","passed","2026-09-11","TestStoreSync","test_store_sync","",""
"","4238","test_main_node_relay_and_store__peer_relay_and_store","tests.store","2026-09-11","passed","2026-09-11","TestRunningNodes","test_running_nodes","",""
"","229","test_filter_unsubscribe_from_single_content_topic","tests.filter","2026-09-11","passed","2026-09-11","TestFilterUnSubscribe","test_unsubscribe","",""
"","17","test_filter_unsubscribe_all_on_peer_with_no_subscription","tests.filter","2026-09-11","passed","2026-09-11","TestFilterUnSubscribeAll","test_unsubscribe_all","",""
"","4299","test_check_sync_when_all_3_nodes_publish","tests.store_sync","2026-09-11","passed","2026-09-11","TestStoreSync","test_store_sync","",""
"","3","test_store_with_wrong_encoding_pubsubtopic","tests.store","2026-09-11","passed","2026-09-11","TestTopics","test_topics","",""
"","2625","test_single_content_topic[/app/27/sometopic/someencoding]","tests.sharding","2026-09-11","passed","2026-09-11","TestRunningNodesAutosharding","test_running_nodes_auto_sharding","",""
"","5541","test_metrics_after_filter_get","tests.metrics","2026-09-11","passed","2026-09-11","TestMetrics","test_metrics","",""
"","1826","test_time_filter_small_timestamp","tests.store","2026-09-11","passed","2026-09-11","TestTimeFilter","test_time_filter","",""
"","2022","test_filter_get_message_with_150_kb_payload","tests.filter","2026-09-11","passed","2026-09-11","TestFilterGetMessages","test_get_messages","",""
"","744","test_relay_get_message_after_one_peer_was_stopped","tests.relay","2026-09-11","passed","2026-09-11","TestRelayMultipleNodes","test_multiple_nodes","",""
"","2434","test_main_node_relay_lightpush__peer_only_filter","tests.light_push","2026-09-11","passed","2026-09-11","TestRunningNodes","test_running_nodes","",""
"","38476","test_store_sync_range_with_zero_jitter","tests.store_sync","2026-09-11","passed","2026-09-11","TestStoreSync","test_store_sync","",""
"","0","test_publish_and_retrieve_100_messages","tests.relay","2026-09-11","skipped","2026-09-11","TestRelayPublish","test_publish","",""
"","13930","test_relay_2_nodes_packet_reordering","tests.e2e","2026-09-11","passed","2026-09-11","TestNetworkConditions","test_network_conditions","",""
"","8161","test_start_node_with_50_pubsub_topics","tests.sharding","2026-09-11","passed","2026-09-11","TestRunningNodesStaticSharding","test_running_nodes_static_sharding","",""
"","1246","test_time_filter_invalid_start_time","tests.store","2026-09-11","passed","2026-09-11","TestTimeFilter","test_time_filter","",""
